,GraphSHAPIQ_True_interaction,GraphSHAPIQ_True_moebius,Permutation,KernelSHAPIQ,incKernelSHAPIQ,SHAPIQ,SVARMIQ,GraphSHAPIQ_False_interaction,GraphSHAPIQ_False_moebius,budget_with_efficiency,budget_no_efficiency
1,0.000990000060277952,0.0020531313635580076,0.0014925742654684105,0.014396606481530403,0.0003452346499917228,0.016305712101940244,0.009231138752143656,0.00021660643748605058,0.001266814089664775,24,13
2,0.0001050603558256233,0.0012744957944397788,0.0005554096157336609,0.002574230024718178,0.0019845308997525723,0.045822859174916256,0.0007260660449309248,0.00011795016267212345,0.0007517692063776061,84,73
3,4.750945694326407e-05,0.0005259867415043507,0.0006575912955603706,6.0599120654295176e-05,6.472402520916514e-05,0.025805538982800223,0.0009353454431533822,0.0001185269903382969,0.0005245362417231254,250,239
4,0.00010232299219692747,0.0006540036142417741,0.0001564410659871368,7.503056437063304e-06,7.5412775781001725e-06,0.0038046763855418054,0.00038275333468179893,0.00010716094419096445,0.00036972944694934186,526,516
5,0.00011899994524493357,0.0005441485966514566,0.0002524661689679338,7.559435701229476e-06,7.615560192355768e-06,0.0021891255222406605,0.0003620691649068711,0.00019865645356361355,0.00025864176601632746,813,805
6,8.421318159410666e-05,0.0002793385085718143,0.00013941408946184473,7.590202740065043e-06,7.544454674971324e-06,0.00223266635756929,0.00024890336955214965,0.00020472010582479964,0.0001389012543369944,998,995
7,9.871906703182588e-06,9.649978100242453e-05,7.02023895775823e-05,7.521188598369077e-06,7.6101235086576655e-06,0.0011357760442354673,0.0003262753695726832,0.00011228759528835235,4.040023006554666e-05,1077,1074
8,1.3983294343733956e-14,2.8565203777667844e-11,0.0001015349551337089,7.532270529046147e-06,7.575245719738386e-06,0.0017853270152390207,0.0003035249641233075,3.7407200379024227e-06,2.287116980476515e-06,1095,1093
9,1.3251256545634873e-14,2.8561119032430478e-11,0.00016228815569223966,7.565459439529391e-06,7.5691598771386325e-06,0.0013702451562082954,0.00024010278961820303,1.3251256545634873e-14,2.8561119032430478e-11,1095,1095
