,GraphSHAPIQ_True_interaction,GraphSHAPIQ_True_moebius,Permutation,KernelSHAPIQ,incKernelSHAPIQ,SHAPIQ,SVARMIQ,GraphSHAPIQ_False_interaction,GraphSHAPIQ_False_moebius,budget_with_efficiency,budget_no_efficiency
1,0.00023213928429958997,0.0014918199336983293,0.002589670914442668,0.0007979653111925696,0.00040057592101524944,0.08960053699456269,0.07624116975153525,8.300897061007811e-05,0.0012104660450950435,24,13
2,0.0009803637233340413,0.001387460127426713,0.0001563303312647186,0.005237820949615497,0.0014888117737959622,0.22608333341249992,0.0027344394656613,0.00011710421376376881,0.0009745627338283787,84,73
3,0.0021136004613645934,0.0015611558667419847,0.0001239649246381882,6.896420833786477e-05,4.808602256340698e-05,0.08909206884314076,0.0030830370671311867,0.0004517080556533359,0.0007454027834354823,250,239
4,0.001948934720529157,0.001736696177250136,7.882784522825194e-05,5.503880405601227e-06,4.988573648336238e-06,0.02607101866325181,0.0005218493114864153,0.0012405232475899016,0.0005464222110573346,526,516
5,0.0005041822010967312,0.0009791323793410225,4.426060274281906e-05,5.550662991065041e-06,5.034632568168085e-06,0.009109061725097428,0.0005300277224891332,0.0008298171124027892,0.000335978762054806,813,805
6,3.4558721221770115e-05,0.00021409950366574077,9.523371216525858e-05,5.511642503617599e-06,4.998297834867308e-06,0.008629224797183383,0.0005248606016049779,6.084726290449923e-05,0.00013805170504730714,998,995
7,1.1251325871730594e-05,4.004907932385945e-05,8.452085995891306e-05,5.543386381973055e-06,4.992955506234932e-06,0.006546615917383348,0.00048624465100498336,3.1402306675962174e-05,4.1062311340270535e-05,1077,1074
8,2.88758020865167e-15,5.983505574694292e-12,7.635216835315598e-05,5.533726390479585e-06,5.0317409992470446e-06,0.00773777400758119,0.0005300180618462844,3.2043213555234567e-06,3.0203662198726323e-06,1095,1093
9,3.724267611299553e-15,5.9833700494227315e-12,4.652682436692237e-05,5.561614801021695e-06,5.029391841975745e-06,0.004436321468082643,0.00036370598828659706,3.724267611299553e-15,5.9833700494227315e-12,1095,1095
