,GraphSHAPIQ_True_interaction,GraphSHAPIQ_True_moebius,Permutation,KernelSHAPIQ,incKernelSHAPIQ,SHAPIQ,SVARMIQ,GraphSHAPIQ_False_interaction,GraphSHAPIQ_False_moebius,budget_with_efficiency,budget_no_efficiency
1,7.450473722720884e-05,0.0004495032787819736,9.672252829028684e-05,0.0006533706003916608,2.178707870815688e-05,0.0007592629701898939,0.0009624529279531576,2.395563836699597e-05,0.0003252231251631016,25,14
2,0.0001397681968212646,0.0004564444313895494,4.9924057833859783e-05,4.110367085046191,0.00018913056026296287,0.007876867110958898,7.149543830887775e-05,4.085222234961527e-05,0.00029906445653928027,88,77
3,0.0003453152904267956,0.000375986134751774,4.362048681953439e-05,2.170390708021371e-05,2.5181468835049408e-05,0.0015046722623699759,7.742949485986579e-05,0.00012721210676220333,0.00021746433351400862,249,238
4,0.00024035109337980636,0.00033778918447487094,4.0872601956341006e-05,1.3657235839650421e-05,8.96877597943737e-06,0.0006338104214838425,8.294894941866511e-05,0.0002260139109556663,0.00015130722494012538,488,480
5,1.9272506168550234e-05,0.00013666105097588643,2.351197984314599e-05,4.093479890953126e-06,4.0257920145835275e-06,0.00026329067935278356,3.636831549930867e-05,9.005816506342537e-05,8.644691293176188e-05,711,703
6,3.099777426650702e-05,0.00010713076969630364,2.2686107792055734e-05,4.088756219209124e-06,4.055188852439898e-06,0.00029726453323552533,3.372992725842477e-05,7.208221491078305e-05,3.995588936521466e-05,834,830
7,2.9340838966702665e-06,7.814955327221929e-05,2.338439486226176e-05,4.096720940393312e-06,4.0561018754291265e-06,0.0002070190360075516,3.225263931765404e-05,7.369766478928576e-05,1.2824929825752673e-05,878,876
8,6.504400037019189e-16,3.109769386444583e-11,3.350990097350112e-05,4.09060259789436e-06,4.065701670887449e-06,0.00024921827056548007,3.420274772240104e-05,3.991545122250652e-06,2.0750898679644525e-06,887,886
9,8.541727658684621e-16,3.1097471819840905e-11,3.0499447901130434e-05,4.0964416609009155e-06,4.0519566955338294e-06,0.000319604797741848,3.0675921222793314e-05,8.541727658684621e-16,3.1097471819840905e-11,887,887
