,GraphSHAPIQ_True_interaction,GraphSHAPIQ_True_moebius,Permutation,KernelSHAPIQ,incKernelSHAPIQ,SHAPIQ,SVARMIQ,GraphSHAPIQ_False_interaction,GraphSHAPIQ_False_moebius,budget_with_efficiency,budget_no_efficiency
1,0.009650505399188615,0.020110382747242264,0.005739419377997985,11.880145847425094,0.003355035679170391,0.05606715657685887,0.057716632438541526,0.001271865022480974,0.005872049541674627,24,13
2,0.01132083976666355,0.013399763694638262,0.003390040762816635,0.0391038303341931,0.0711747865074905,0.22808664578698637,0.00436890283319886,0.0012789634304614167,0.0025684831836700344,80,69
3,0.0052499320408455445,0.004930109571347043,0.0012436305960573269,0.000762551302061469,0.0007366396832103571,0.08807555952217752,0.00500437738542018,0.001972261013970984,0.0011942722298551713,219,208
4,0.0027476812873130523,0.004367779768988198,0.0008580646314704485,0.00044832768527147936,0.0002511031033377726,0.03234981073782466,0.0036277935039732362,0.00265252242796144,0.0006398571233390999,419,409
5,0.0005447852466543031,0.001908430222896162,0.0007906577867674299,4.013177110156543e-05,3.834038313559121e-05,0.01226656739442293,0.0020920599967173973,0.0019039640885851082,0.00022093366798996226,591,582
6,1.5672139764765525e-05,0.00018979612463356974,0.0007611789708435371,3.969058999757292e-05,3.750067742758203e-05,0.009249230672648398,0.0016985865840222348,0.0002564180994756876,3.878251174353102e-05,672,668
7,6.774738039968325e-14,7.046049474368694e-11,0.0005055791576410826,3.992464189727317e-05,3.856266698170272e-05,0.013821154166021686,0.0016348935432254422,4.47614361955563e-06,1.5440036025904746e-06,695,692
8,5.71360431871631e-14,7.041573275374677e-11,0.0003225844832276207,3.9880189659400406e-05,3.8525895076539526e-05,0.011287627500353154,0.00169371695985543,5.71360431871631e-14,7.041573275374677e-11,695,695
