,GraphSHAPIQ_True_interaction,GraphSHAPIQ_True_moebius,Permutation,KernelSHAPIQ,incKernelSHAPIQ,SHAPIQ,SVARMIQ,GraphSHAPIQ_False_interaction,GraphSHAPIQ_False_moebius,budget_with_efficiency,budget_no_efficiency
1,0.0017187386223268288,0.005420668814625609,0.0030182967398038807,0.00812255887151029,0.0001094577852871021,0.16025287558343657,0.08725500841409989,9.046265832259964e-05,0.0016725886045196713,24,13
2,0.004933427035612608,0.012285681108458795,0.00018680036508152945,0.009136822892173333,0.001185570405433675,0.3785188362669383,0.00182072192166998,0.00015146415444643136,0.0013803374596884446,80,69
3,0.006503765237981278,0.012829661095607448,0.00018499589424135357,8.357351513478315e-05,6.29161816426825e-05,0.12828556245207023,0.0037097052997233006,0.0007358905792509254,0.0009819500619105258,219,208
4,0.000765619232778868,0.00257982005507071,0.00013167381778637232,3.438822123383152e-05,2.5594721080634116e-05,0.04495331760565132,0.00394094028652755,0.0007270420438643985,0.0006657863687064922,420,410
5,0.00027000274262139437,0.0006606983135719969,0.00011726144367213577,5.608426546521266e-06,5.021006331293507e-06,0.021334619846235258,0.00048175455374382595,0.0003040419746044984,0.0004718451084617854,594,586
6,9.19287434457733e-05,0.0012980610227774493,9.301089420769103e-05,5.589173313509483e-06,5.045611689076717e-06,0.015958710989063218,0.0005424625229662855,0.0011575053796702233,0.00026248246827365864,680,675
7,1.7241650630507114e-15,9.636407123647661e-12,0.0001370339383518351,5.576611762050888e-06,4.972699842823769e-06,0.015413375003107476,0.0006133586304507527,0.0002097168672195289,6.76519422663337e-05,703,700
8,1.7161744293189545e-15,9.636406256285923e-12,8.436869249413719e-05,5.5816122803988015e-06,4.9761759063556085e-06,0.01631015191932494,0.0005936950029151311,1.7161744293189545e-15,9.636406256285923e-12,703,703
