,GraphSHAPIQ_True_interaction,GraphSHAPIQ_True_moebius,Permutation,KernelSHAPIQ,incKernelSHAPIQ,SHAPIQ,SVARMIQ,GraphSHAPIQ_False_interaction,GraphSHAPIQ_False_moebius,budget_with_efficiency,budget_no_efficiency
1,0.0005334183096546055,0.0016936804975813567,0.0031781828178924494,0.0006120558873825818,0.00041814240049473745,0.04916338815158995,0.10206399745664083,5.866107662912243e-05,0.0007655950402332646,24,13
2,0.0009925054031224437,0.0017787225245716066,0.00015164065694725122,0.0022815481546075824,0.0037940634934963066,0.8438703965569778,0.0027918033543421717,0.00010820323387712614,0.000509129755434148,80,69
3,0.0006646434572388758,0.0008036283045633422,0.00011115991276104063,6.390983134815097e-05,4.483067741170679e-05,0.09811972208548966,0.004382875611592705,0.00023399293770264988,0.0003246590447173424,219,208
4,0.0002901222249888189,0.0005310118393137856,8.475082101211745e-05,4.4586012622206736e-05,2.5843896885927454e-05,0.05814665301839035,0.004070829993039378,0.00037829280205183046,0.00020173929176297341,419,409
5,6.902914395331692e-05,0.00020188939884618028,9.696529441766965e-05,6.6048548776743074e-06,6.419282485084076e-06,0.026600320905868773,0.0006186099355572461,0.00021134802948527285,9.125056945187473e-05,591,582
6,6.450713596537021e-06,9.307657936606217e-05,5.496476463552674e-05,6.5870608704954894e-06,6.437967233468829e-06,0.011731478713508438,0.0005552222810966362,6.932028093692088e-05,2.7414545167871694e-05,672,668
7,3.926778866133421e-15,1.3150523205107678e-11,6.103993989675326e-05,6.594911769306846e-06,6.355790095167517e-06,0.017971582421751595,0.000570542964514146,7.658804911686677e-06,4.123439209554984e-06,695,692
8,2.454758935440676e-15,1.31502725375654e-11,0.00015068660905823316,6.549676706566065e-06,6.4493628752404775e-06,0.012091298346663793,0.0006005209749049513,2.454758935440676e-15,1.31502725375654e-11,695,695
