,GraphSHAPIQ_True_interaction,GraphSHAPIQ_True_moebius,Permutation,KernelSHAPIQ,incKernelSHAPIQ,SHAPIQ,SVARMIQ,GraphSHAPIQ_False_interaction,GraphSHAPIQ_False_moebius,budget_with_efficiency,budget_no_efficiency
1,0.0008392862343926853,0.002295035903624754,0.003463838278798745,0.42877592120789265,0.0002285145358860041,0.0709292384896557,0.1546144746621498,0.00030550683078922234,0.0011783402012657323,27,15
2,0.0010333757258067832,0.0017439120871173336,0.0006528786229383198,0.007406637282898385,0.00039039259316826075,0.7939625889995835,0.00234636389570925,0.00010411831269729008,0.0006300553432741132,97,85
3,0.0007892963709167281,0.0010438576386208607,0.00022977340310163205,0.0001001000371310403,0.00011076282403341554,0.23376054247345537,0.00605716828841328,0.00021113620216961406,0.0004594017245207532,278,267
4,0.00020154467369146796,0.0006364582546755249,0.00035445519394358124,6.673512017991981e-05,4.095103288522357e-05,0.16529407932837942,0.005344931399703206,0.00034982730467455483,0.00033901661559801455,553,544
5,8.530285100409906e-05,0.0003104106911827522,0.000143604975743402,1.2235589729799098e-05,1.2801683096934516e-05,0.038708465808830445,0.000847244795809109,0.00024609644275831174,0.00021184236832260447,810,802
6,3.627148078598632e-05,0.000149444294428272,0.00012807387687830215,1.223552819163282e-05,1.2779996389604478e-05,0.03729984833444623,0.0008218683017812222,8.600454954383673e-05,9.410302231628066e-05,954,950
7,5.902556500927714e-06,5.502840653647586e-05,0.00027164273146569915,1.2252255771754842e-05,1.2816677706474095e-05,0.0331913206734681,0.0008794385565545909,4.2302420909049615e-05,2.6322564786956416e-05,1006,1003
8,1.5678002458975451e-15,1.5144458690580231e-10,0.00011064033220770129,1.2258097000928357e-05,1.2804588551717023e-05,0.02997738994081983,0.0010617991897744184,6.301878657217288e-06,3.276245708180338e-06,1015,1014
9,1.5989198541448119e-15,1.5144439174941127e-10,0.00011356754431975114,1.2254537172201663e-05,1.2824447717765625e-05,0.02490042114742605,0.0009467477138316959,1.5989198541448119e-15,1.5144439174941127e-10,1015,1015
