,GraphSHAPIQ_True_interaction,GraphSHAPIQ_True_moebius,Permutation,KernelSHAPIQ,incKernelSHAPIQ,SHAPIQ,SVARMIQ,GraphSHAPIQ_False_interaction,GraphSHAPIQ_False_moebius,budget_with_efficiency,budget_no_efficiency
1,0.0008083649160992295,0.002378414783275094,0.0030330658098288916,0.013020121022436914,0.000815067720586837,0.057972120725521305,0.026441290995519864,0.00031977023259296196,0.0014564218943224076,22,12
2,0.00012342401217774806,0.0016260265288235588,0.0007391697596852987,0.0011509350622900458,0.006197867511686288,0.2190718713276785,0.001240364058796482,0.00015199766103647698,0.0007732200936560801,68,58
3,0.00016590443169875633,0.00042500653504701203,0.0002943799838785072,0.00011334227579554283,9.749402809273847e-05,0.04217058457347629,0.0020674725875687618,0.0001453283741196641,0.0004653535947044031,168,159
4,0.0002918982913277521,0.0009490220814570539,0.0002872279642655578,6.916559572052034e-05,5.584932495585075e-05,0.02445070864494307,0.0018726291085919317,0.00025682581712758534,0.0002802038074355916,295,287
5,0.00021572972400604344,0.0006854469784367636,0.00021714435172053758,1.0053531733338447e-05,9.836884939715533e-06,0.010197040337235468,0.0004872672319201564,0.000547930398093766,0.00017085230071741926,389,382
6,1.819393817330729e-05,0.0004707668928964734,0.00022758126030113641,1.0114980103838605e-05,9.595147259213416e-06,0.009398772071267337,0.0005391771346573079,0.0003054865823425839,7.149999628777433e-05,423,421
7,1.0898871814833176e-14,7.238562397052228e-12,0.00032282667139046874,1.0083911111110386e-05,9.801863164930951e-06,0.006724327543048937,0.0005862721704682002,2.447093970853182e-05,1.4424793922598747e-05,431,430
8,5.986311357643489e-15,7.237374978832922e-12,0.0005631357960247244,1.0044783936179881e-05,9.646942066222498e-06,0.00948738715854697,0.0005583316396392759,5.986311357643489e-15,7.237374978832922e-12,431,431
