,GraphSHAPIQ_True_interaction,GraphSHAPIQ_True_moebius,Permutation,KernelSHAPIQ,incKernelSHAPIQ,SHAPIQ,SVARMIQ,GraphSHAPIQ_False_interaction,GraphSHAPIQ_False_moebius,budget_with_efficiency,budget_no_efficiency
1,9.257912570005998e-05,0.00046696114883199025,0.00026735006184123306,0.003914592048679572,2.550668655309035e-05,0.005483939474354858,0.008412944422626098,3.0917740986356104e-05,0.00035129395533471663,22,12
2,0.00027296700485459745,0.0004775463273642422,6.647530924167203e-05,0.016539354997317412,0.00043981019234703604,0.02915243637351288,0.00017702240741674077,6.096246511394163e-05,0.0003095187147976741,68,58
3,0.0002183542294128713,0.00036620777345244826,6.460805946176296e-05,3.072762259774116e-05,4.764181358322355e-05,0.00945675873410724,0.00033572980391817134,6.756499764165713e-05,0.00019942518247170749,168,159
4,0.00014663239594042094,0.00031233316222870067,5.992915366977529e-05,3.4521047494697096e-05,1.6263364706199523e-05,0.00469026347781029,0.00039758231927646584,0.0002358003925469986,0.00012386340842115984,295,287
5,1.21276501466707e-05,0.0002006598282054961,3.796604457935983e-05,3.205113153840586e-06,2.7219988013504266e-06,0.001613907022086514,4.748400385126067e-05,0.00011642288172855641,5.704215704230298e-05,389,382
6,2.450387645017901e-06,5.12915094972588e-05,7.234883402563198e-05,3.214853763640876e-06,2.7675826296309476e-06,0.0016514025484009195,5.139855928445192e-05,2.113265948314033e-05,1.6074073816291223e-05,423,421
7,6.143370153262483e-16,1.5298318167822345e-12,7.070171722929481e-05,3.213928955840989e-06,2.7284708563748637e-06,0.001672573779224144,5.638376522837113e-05,5.4475509781110824e-06,3.211154217308554e-06,431,430
8,5.128341278051178e-16,1.5293322164211531e-12,4.125412574759774e-05,3.2255961418335486e-06,2.7644372482022666e-06,0.001478630759183476,5.5763635063395075e-05,5.128341278051178e-16,1.5293322164211531e-12,431,431
