,GraphSHAPIQ_True_interaction,GraphSHAPIQ_True_moebius,Permutation,KernelSHAPIQ,incKernelSHAPIQ,SHAPIQ,SVARMIQ,GraphSHAPIQ_False_interaction,GraphSHAPIQ_False_moebius,budget_with_efficiency,budget_no_efficiency
1,0.0023741951624620386,0.005985809026960502,0.002049137144446807,0.08930999950060645,0.0004584747013146586,0.007938060609975314,0.010934743453627731,0.0006101191075328609,0.002540099046558734,22,12
2,0.002100705424156798,0.005767356826059436,0.001167962033923525,0.009123133282528919,0.004250955321835797,0.060407862699890943,0.0018463103906546222,0.0003141265669898985,0.0011482245470060845,68,58
3,0.0010358456058668748,0.0026094510502183074,0.0012709132193935682,0.00011383358618010826,0.0001430945303117959,0.017490878047990335,0.0017036298056945088,0.0004734446480227115,0.0005223898463373707,168,159
4,0.00023533617406416336,0.0008312670757348661,0.00046871381182541396,0.00010023403220903475,0.00010478984040799184,0.010550894713261011,0.0013517398212346062,0.0002783639269658143,0.00015868488461069681,295,287
5,7.50169343646324e-05,0.00029164257759156713,0.0006380035952043203,2.3625718586461685e-05,2.2172147884854543e-05,0.0033766427816600926,0.0006286068188681814,0.00021840088243578256,5.553848659624805e-05,389,382
6,5.142257984749361e-06,0.00013770259903550234,0.0011155797713732333,2.3832413743080424e-05,2.163897744077383e-05,0.005234672927115644,0.0005670584418997378,0.00010104202426790791,1.929578277158487e-05,423,421
7,5.782972515283863e-15,1.684401684781221e-11,0.0005765965178148405,2.3615027405116117e-05,2.201373972657105e-05,0.003931894857262518,0.0006397861932809484,5.2962267205569205e-06,3.1218889232269357e-06,431,430
8,6.853737801865455e-15,1.6843873069051613e-11,0.0007487789031225962,2.350753101306357e-05,2.1848370112785954e-05,0.002340177971506263,0.0005649310713931201,6.853737801865455e-15,1.6843873069051613e-11,431,431
