,GraphSHAPIQ_True_interaction,GraphSHAPIQ_True_moebius,Permutation,KernelSHAPIQ,incKernelSHAPIQ,SHAPIQ,SVARMIQ,GraphSHAPIQ_False_interaction,GraphSHAPIQ_False_moebius,budget_with_efficiency,budget_no_efficiency
1,0.0002895388082425581,0.0009119608640173471,0.023813424545844675,0.06270548251378182,0.006103966822613578,0.06822255341020456,0.25984643490239806,0.00018722547922253216,0.0005292917783619178,22,12
2,0.0007333826052488672,0.0007546412755750076,0.0003109828440553135,0.4380331019811663,0.0043768045685692175,2.1731841056358077,0.014814523202466606,0.0001560046561067919,0.00029646525300153215,68,58
3,0.00021550368977439068,0.0002808377365126624,0.00032832714456933464,0.00022071049214357225,0.00014220329797568697,0.39630453759953177,0.019377583516604305,0.00011755824471860973,9.560245448447802e-05,168,159
4,4.728739331801697e-05,8.140869585515631e-05,0.0004562033643742057,9.710553840970308e-05,5.821399499531926e-05,0.25399967348106006,0.018215879007857115,0.00010329876140342341,4.141050744221886e-05,295,287
5,8.115468169087071e-07,1.4320159879233074e-05,0.00033342987819818165,6.674613965347768e-06,6.6967974273267735e-06,0.09314869094889328,0.005835365159899785,1.503261771090762e-05,2.5172704254394773e-05,389,382
6,1.2493826163058688e-06,2.8497094838542125e-05,0.00019405846702762278,6.538844516218015e-06,6.726727313115669e-06,0.07619023115123313,0.005763699491838859,1.0939786313623908e-05,6.546586574174285e-06,423,421
7,7.94998014281848e-14,4.8503645544428764e-11,0.0002884645106716346,6.672805080785209e-06,6.764083785590673e-06,0.05189532789850566,0.005493323101389641,4.206031502231481e-06,2.4795254651710508e-06,431,430
8,7.236189242964459e-14,4.848943468971356e-11,0.0003238067321199128,6.6235192952371264e-06,6.878694752323402e-06,0.08777360083953482,0.004717502634164815,7.236189242964459e-14,4.848943468971356e-11,431,431
