,GraphSHAPIQ_True_interaction,GraphSHAPIQ_True_moebius,Permutation,KernelSHAPIQ,incKernelSHAPIQ,SHAPIQ,SVARMIQ,GraphSHAPIQ_False_interaction,GraphSHAPIQ_False_moebius,budget_with_efficiency,budget_no_efficiency
1,0.0005217331146934978,0.0019700536452804747,0.0029720398802392926,0.05236328175486829,0.00025196768082153627,0.10130678181504035,0.11275697915914393,6.3108923113641e-05,0.0009996715210719605,27,15
2,0.0022453503330497025,0.0025218043069812233,0.00023941926404685184,0.000899206466809482,0.0005265834675272176,0.5963552091534884,0.0008980676695800873,0.00010688378347334284,0.0007552188135100679,99,87
3,0.0024485749318067353,0.0018658424058188316,9.257868790043149e-05,9.725454424466374e-05,9.490471338047235e-05,0.17784079299906774,0.003493778840118489,0.0004638264009560358,0.0005304074927611627,292,280
4,0.0011319722461110113,0.0011743564512672984,0.00011544852766147129,4.6344022787179786e-05,2.827371225099356e-05,0.10376913820122873,0.004644271439715146,0.001036345835094504,0.00034530346855492656,588,580
5,0.0002151227340776775,0.00046761518410444133,0.00011162336782931163,8.488840205759641e-06,8.530743120498648e-06,0.02822019643263231,0.0005162563084033637,0.0006670651802899214,0.00018441487433740167,869,861
6,1.5240660389492866e-05,0.0001361236816193065,0.0001309756024642382,8.504638189890362e-06,8.507913289239697e-06,0.017147399954705732,0.0005519988415329705,0.00011320881467087707,6.966313395824963e-05,1026,1020
7,3.4717228068623995e-06,5.379623481043677e-05,8.991280120323427e-05,8.49472515437018e-06,8.56322076352373e-06,0.02260356183826191,0.0005377117863942066,3.19763045764783e-05,1.8298361327990457e-05,1078,1075
8,5.1513949332112975e-15,1.1024722649556618e-10,0.00011928647488590393,8.502001983317721e-06,8.549204826554984e-06,0.020566947034544116,0.0005670331851847809,5.606249488481697e-06,2.914564045509863e-06,1087,1086
9,2.4063816997988755e-15,1.1024607095289074e-10,4.5377201231734424e-05,8.490117528548715e-06,8.551640077759074e-06,0.019984151288339032,0.0004932460692799262,2.4063816997988755e-15,1.1024607095289074e-10,1087,1087
