,GraphSHAPIQ_True_interaction,GraphSHAPIQ_True_moebius,Permutation,KernelSHAPIQ,incKernelSHAPIQ,SHAPIQ,SVARMIQ,GraphSHAPIQ_False_interaction,GraphSHAPIQ_False_moebius,budget_with_efficiency,budget_no_efficiency
1,0.0002988505997991267,0.0010611524950741025,0.022920667242377436,0.00037503220682360384,0.00013802839402774405,0.12972757680934469,0.4159130510328704,6.25463817821268e-05,0.0008769627772549082,24,13
2,0.00037153763282491857,0.0011550304792018462,0.0002257016639970728,0.014562217290448069,0.0029856098155488305,1.9955912593052605,0.013561650170826793,0.00011849889061632158,0.0008003153192490675,80,69
3,0.0005982225996547583,0.0014231103117285926,0.00024703724387422444,5.7106059269079673e-05,8.817478599518104e-05,0.3760350325052202,0.022138925569137248,0.0005640514556761147,0.0004708815401670563,219,208
4,0.00016598916047044115,0.0005795428699300054,0.00011688373934547595,5.6586377593170025e-05,4.932571908897331e-05,0.2343289726948206,0.020884093052242952,0.00045372060430079236,0.00019205074387862453,419,409
5,4.367944196125657e-05,0.00023521604211862446,8.860838895984217e-05,1.3873618860054728e-05,1.3481032785861455e-05,0.08828494299095402,0.005319103604700742,0.00018867501651578496,7.197677230785793e-05,591,582
6,8.767506064108927e-06,0.00010230305361336178,0.0001073507693585263,1.3775095266809943e-05,1.3536641471236549e-05,0.07018420679832361,0.005426804037848606,4.127739042920018e-05,1.6271014374069637e-05,672,668
7,5.716237416420527e-14,1.9233348247382764e-10,0.0001258311634956001,1.3893557473673532e-05,1.3660191918593827e-05,0.04050811805699394,0.005011876479140823,3.3648018304716297e-06,3.002333173851568e-06,695,692
8,5.2000102291173464e-14,1.9233148407238332e-10,0.00015901560760652565,1.3880832117289418e-05,1.366107312740814e-05,0.04597373735535933,0.005583465332633655,5.2000102291173464e-14,1.9233148407238332e-10,695,695
