,GraphSHAPIQ_True_interaction,GraphSHAPIQ_True_moebius,Permutation,KernelSHAPIQ,incKernelSHAPIQ,SHAPIQ,SVARMIQ,GraphSHAPIQ_False_interaction,GraphSHAPIQ_False_moebius,budget_with_efficiency,budget_no_efficiency
1,0.006707112980089412,0.01798755680234758,0.0020936641541070013,0.7362838665207303,0.0007368854898426439,0.017009357024249914,0.038195030014149575,0.0007233859515662612,0.006884164813453096,24,13
2,0.009647707328076707,0.019496835150374644,0.0012549389314651378,0.03824011791170097,1.8272835167107817,0.05796110479588844,0.0024207558342556547,0.001807845144533821,0.0034892778166879294,80,69
3,0.005219116539726061,0.009538423564773581,0.001012203965643727,0.0011840311843074943,0.000987689216139414,0.053663373083407205,0.0028316996179380844,0.0019997515259988535,0.0011346128152556353,219,208
4,0.0012017689531415015,0.0016272980481654665,0.0015838971711741301,0.0004338187321628122,0.0004384930574847269,0.018344324388820693,0.0025123339548390293,0.0015377324808262067,0.00036125432807274387,419,409
5,0.00023914991739104868,0.0006039205469685219,0.0007403984736313789,8.259119716108175e-05,7.442163037901289e-05,0.009429041342233024,0.0009687474147770693,0.0009529914150471871,0.00014453106790855976,591,582
6,8.917651157498059e-06,0.00024509924337442996,0.0008907281198637909,8.209307823543444e-05,7.419302419374965e-05,0.006026394260065627,0.0009930624228271258,0.00021640242970746214,4.513557257570205e-05,672,668
7,1.2301389955928554e-14,6.320821211881354e-11,0.0012165284884062177,8.18822452047081e-05,7.458567062818228e-05,0.00644257738765235,0.0010019717499512356,6.565361447454111e-06,6.9030857287687475e-06,695,692
8,1.487409420853678e-14,6.319898793001794e-11,0.000542671815753651,8.219816711706899e-05,7.491400123509382e-05,0.004244204634278119,0.0008757222607806907,1.487409420853678e-14,6.319898793001794e-11,695,695
