,GraphSHAPIQ_True_interaction,GraphSHAPIQ_True_moebius,Permutation,KernelSHAPIQ,incKernelSHAPIQ,SHAPIQ,SVARMIQ,GraphSHAPIQ_False_interaction,GraphSHAPIQ_False_moebius,budget_with_efficiency,budget_no_efficiency
1,6.0655717926225706e-05,0.0004225740732159977,0.00026814383867254703,13.42238986806825,4.7275615380936046e-05,0.01138945831561512,0.008655135201330988,3.934965553415237e-05,0.00032064265784502444,27,15
2,0.00022995046511961592,0.0004341954458333547,6.691176851394806e-05,0.6633292230194912,0.0007388880051362836,0.07792212936618606,0.0001008981145186573,5.00836321279293e-05,0.0002652028863940753,99,87
3,0.0004360203001342863,0.00036711931025917854,5.3702042893203104e-05,3.5103933578353254e-05,4.567298775233209e-05,0.01274368459579896,0.0003010619778020978,0.00010442345075965798,0.0001842517772609742,292,280
4,0.00039823392151114577,0.00048237817753660206,4.432319487899321e-05,2.2034325029059395e-05,1.527825542415791e-05,0.004383709728686556,0.00037492726432368994,0.0002541946502618342,0.00013019703893152323,588,580
5,0.00010285716374713453,0.00022627933232033381,6.763977993799135e-05,3.307082012106301e-06,3.5043053518541274e-06,0.002388476719787539,4.948366330392332e-05,0.0002235704342857493,6.963969275307347e-05,869,861
6,1.0864709867373812e-05,4.280222363370334e-05,4.015701486212566e-05,3.2936871184357557e-06,3.470274005218993e-06,0.001774889380990864,5.826351886511288e-05,1.953520364789587e-05,2.8691691193905022e-05,1026,1020
7,2.2742292543754853e-06,2.549629893811023e-05,3.148252901515013e-05,3.297692924090832e-06,3.5049753706478986e-06,0.0018241597105594707,5.599187164269411e-05,1.7771880266666762e-05,1.0189632375132152e-05,1078,1075
8,9.586580813361174e-16,1.332514654173167e-10,4.478775934198444e-05,3.301009208669595e-06,3.499277254843492e-06,0.002011396419136582,4.943339896461993e-05,2.825448496764174e-06,1.4689799746753218e-06,1087,1086
9,1.1062723841356917e-15,1.3325140990616546e-10,4.604360403058465e-05,3.2966480311600708e-06,3.4803253037385995e-06,0.001397002678607046,4.654243168164307e-05,1.1062723841356917e-15,1.3325140990616546e-10,1087,1087
