,GraphSHAPIQ_True_interaction,GraphSHAPIQ_True_moebius,Permutation,KernelSHAPIQ,incKernelSHAPIQ,SHAPIQ,SVARMIQ,GraphSHAPIQ_False_interaction,GraphSHAPIQ_False_moebius,budget_with_efficiency,budget_no_efficiency
1,0.0016224061610430334,0.0037724643853957133,0.0028804642977282827,0.14356588739341625,0.0003477536842279452,0.034015031227614956,0.03267985049985737,0.0003552791343100332,0.0018951736975724497,27,15
2,0.00021569490381471017,0.0019911856889808493,0.0011182483770945289,0.006935016670661832,0.0008776907466441754,0.32614531238645295,0.001363091112676894,0.00018396714935375606,0.001079285906808166,97,85
3,0.00014194122248252565,0.0006667672375061185,0.000659795901273841,0.0001764691243188485,0.00016499357190617292,0.0613759522419116,0.0020508512600372415,0.0001627165394417702,0.0007048988462061475,278,267
4,0.00040987665321789686,0.0009941463677763187,0.00044270125403184313,9.560767522751441e-05,6.160653241535506e-05,0.02694022741582773,0.002177280436398465,0.0002194954554529606,0.00048305271374031526,553,544
5,0.0004901878556333108,0.0010212088365967253,0.0004080114513781578,1.6593322614201912e-05,1.638525544675825e-05,0.011482485185004315,0.0007345563217810695,0.0007654306772136698,0.0003371259261710641,810,802
6,0.0001448476304198638,0.0006099361049442008,0.0003334192681946482,1.6627659783177107e-05,1.6318127395345455e-05,0.0079220344494301,0.0007548293710947931,0.0007446873322008803,0.0001776990317229608,954,950
7,1.2062624981640975e-05,0.0002621117584976993,0.00019489593127847903,1.6645319172509247e-05,1.6414588720419663e-05,0.008591346802901186,0.0006769657920250636,0.0002272534333108581,6.243153652967789e-05,1006,1003
8,6.165097112827596e-15,3.306252520027253e-10,0.00032675253460896705,1.665794649448995e-05,1.6415686113867714e-05,0.00951636134261945,0.0006827957027125069,2.4458596293501974e-05,1.271499395214936e-05,1015,1014
9,7.882845745842718e-15,3.306213000858066e-10,0.00019740366499477734,1.6668517977374077e-05,1.627368055433933e-05,0.011880612432132334,0.0007160075278454386,7.882845745842718e-15,3.306213000858066e-10,1015,1015
