,GraphSHAPIQ_True_interaction,GraphSHAPIQ_True_moebius,Permutation,KernelSHAPIQ,incKernelSHAPIQ,SHAPIQ,SVARMIQ,GraphSHAPIQ_False_interaction,GraphSHAPIQ_False_moebius,budget_with_efficiency,budget_no_efficiency
1,0.002504675900458921,0.003207490647093327,0.004728067325548955,0.02725863061358912,0.0006382295788508872,0.08492879874278332,0.156912818638891,0.00045637698386201615,0.0011630662911479295,22,12
2,0.00039975443498907134,0.0008828268544997207,0.0007003874686380108,0.006043223834296606,0.0027460483424449353,0.5399860692782944,0.0035728612411110947,0.00012513137612597884,0.0003988691540984003,68,58
3,0.00036091348844151405,0.0005852578084624138,0.0009264801251696824,0.00011575537789752888,8.496299399317254e-05,0.18868325429468202,0.006866812263858562,0.0001423434447185268,0.00023927423756222102,168,159
4,9.397454995361874e-05,0.00028845082966738947,0.0002740088560098308,7.38630538174532e-05,5.099091719909159e-05,0.0896382233717815,0.006232553858709402,0.0002193288555595538,0.0001397617943220096,295,287
5,3.763591534825278e-05,0.00012620973108153424,0.00033221734674602837,1.1038621402693057e-05,1.1027460451168584e-05,0.038885181575273965,0.0011381531109669009,0.00010512129923205387,6.712104941610994e-05,389,382
6,6.3930010571980045e-06,7.101709737741477e-05,0.0008268189658721173,1.1025062382096574e-05,1.1122561888427425e-05,0.03349914949493799,0.0011769665253703696,3.1958022487582185e-05,2.426093644941965e-05,423,421
7,1.0288223139244988e-14,5.032314842612351e-12,0.00020103335786175215,1.1050094427971299e-05,1.1089262017342032e-05,0.04024874883997754,0.0008582225599609591,4.761976613863527e-06,2.8069918707809838e-06,431,430
8,7.900439161796952e-15,5.028064770096208e-12,0.0003490711118580057,1.1058085866572751e-05,1.116447871904741e-05,0.017752951953112963,0.0011448817036520344,7.900439161796952e-15,5.028064770096208e-12,431,431
