,GraphSHAPIQ_True_interaction,GraphSHAPIQ_True_moebius,Permutation,KernelSHAPIQ,incKernelSHAPIQ,SHAPIQ,SVARMIQ,GraphSHAPIQ_False_interaction,GraphSHAPIQ_False_moebius,budget_with_efficiency,budget_no_efficiency
1,0.00047796772812468705,0.0017274557430890449,0.002904355268507789,0.20685117514261353,7.205411243171822e-05,0.11506416027672016,0.0892848050549574,0.00011022938703672503,0.0009602707894228188,25,14
2,0.000704121875410024,0.0016429306696451205,0.00016745976195132905,0.008380958947241186,0.0007112558410147378,0.5354229337198343,0.0012513272105863066,9.165875800574787e-05,0.0007077058633671058,88,77
3,0.000385782587223598,0.0006472500031891532,0.00010564239487716085,8.730478724672507e-05,6.13915160478693e-05,0.10125878097941204,0.004244389950676906,0.00021773902505231647,0.0004765639963572063,249,238
4,0.0002706902663770058,0.0005269449745681637,0.0001591080416536907,4.63348351906296e-05,3.843295249076682e-05,0.06756087662643587,0.003996511031666816,0.0003600438564491794,0.0003110743021718272,488,480
5,0.0001993377447924819,0.0005584800407085458,9.141953403557532e-05,1.0203682025097547e-05,1.0969445835031397e-05,0.023256010437709397,0.0005333214255923159,0.0005201956935073468,0.00019775931521059486,711,703
6,8.494540330664656e-05,0.00035377457618327,0.00023632852127188954,1.016900674172408e-05,1.0940334490950214e-05,0.019371288083350605,0.0004938738175340818,0.00043041310290048754,0.00010000745115315525,834,830
7,8.493435591437247e-06,0.0001756547605061816,0.00014406234014891398,1.0169335621273823e-05,1.1037807778547401e-05,0.014938598054845471,0.0006321132465778519,0.00016365303303808256,3.4441802285094334e-05,878,876
8,2.133809192999992e-15,3.7385615653598436e-11,0.00010574170924623309,1.0187733851874138e-05,1.086381670037779e-05,0.02643460052240391,0.0005510505363397873,7.819409650792122e-06,4.065078173264231e-06,887,886
9,2.594273315126686e-15,3.7385552986712867e-11,7.28715436770324e-05,1.0180083289662731e-05,1.0975688973491705e-05,0.01346854474853513,0.0005603953734657531,2.594273315126686e-15,3.7385552986712867e-11,887,887
