,GraphSHAPIQ_True_interaction,GraphSHAPIQ_True_moebius,Permutation,KernelSHAPIQ,incKernelSHAPIQ,SHAPIQ,SVARMIQ,GraphSHAPIQ_False_interaction,GraphSHAPIQ_False_moebius,budget_with_efficiency,budget_no_efficiency
1,0.16578468973036284,6.775520587606319,0.017871857706906708,0.23997624004248144,0.0005762422374930634,0.041130827469801866,0.25976809118723054,0.12611609750299901,6.775510674162927,24,13
2,0.0651654444445714,6.346228146485014,0.0009131275288382527,0.20211170586638535,0.009487522113225613,1.9767402299593995,0.0106177358542553,0.11854633827765848,6.346228146485014,80,69
3,0.1588342585646809,0.02203417185050327,0.0005428747576949989,0.0005791128775639331,0.00032029961536333875,0.4573856864691971,0.01584988124438615,0.09232162791633466,0.02203417185050327,219,208
4,0.05118886829814487,0.026452086727527302,0.0006585388416299952,0.00016603334727412778,0.00018052300514233405,0.1405505764747953,0.014832335549354068,0.17168678397907683,0.026452086727527302,420,410
5,0.13632199893310973,0.02388968657843904,0.0009781665927820584,3.667053199972569e-05,3.641395098695433e-05,0.05102410075434232,0.004193952692410138,0.05860234297369743,0.02388968657843904,594,586
6,0.09934849649422706,0.02388968657843904,0.00038099273753540355,3.691887512877056e-05,3.5820991174303846e-05,0.05208909819878244,0.0035606983142755905,0.13586564835139064,0.02388968657843904,680,675
7,0.10546768333760764,0.02388968657843904,0.00042590167950899704,3.675323337305817e-05,3.618566090506716e-05,0.04788109571345227,0.004143143308431645,0.10389735680341705,0.02388968657843904,703,700
8,0.10546732861153967,0.02388968657843904,0.0002583447462649023,3.645667759296603e-05,3.634536122676904e-05,0.039916710656408914,0.003583453128070843,0.10546732861153967,0.02388968657843904,703,703
