,GraphSHAPIQ_True_interaction,GraphSHAPIQ_True_moebius,Permutation,KernelSHAPIQ,incKernelSHAPIQ,SHAPIQ,SVARMIQ,GraphSHAPIQ_False_interaction,GraphSHAPIQ_False_moebius,budget_with_efficiency,budget_no_efficiency
1,0.007334042370658872,0.01203311979295607,0.0034340893287107587,0.06943849382666609,0.0009933544896542394,0.020949176275491053,0.02729225854109394,0.0011331572277512984,0.0038494988450149537,24,13
2,0.004003957525680647,0.0069411113046950745,0.002258009353852868,0.023681057963207366,0.009525072034171042,0.2592235074327355,0.0023680557669595874,0.0007343328729695574,0.001306826642089684,80,69
3,0.0005642812878673311,0.0007478365832896544,0.0016655482672030507,0.0007939662621990032,0.00048648185006957775,0.03638386845962387,0.002764399545627959,0.00036006252973526214,0.00037218265721723764,219,208
4,5.7918706601536705e-05,0.0004093945490768469,0.0011616076533963646,0.00036483764210199827,0.00019500456332740412,0.01888713240420875,0.0023486891288487686,0.00010989063293984175,0.00011324422111222421,419,409
5,3.676863990980597e-05,0.00025331022555574734,0.0012356452775846602,2.6958764185691643e-05,2.7503057709079456e-05,0.012253688209712392,0.000985193093957408,0.00012316962280530013,5.754856641318473e-05,591,582
6,4.7715710538577065e-06,0.00011398649340026157,0.001187132630106729,2.7319778396580838e-05,2.7503685304215042e-05,0.006959940375489663,0.001005389141361055,5.475288292818043e-05,1.8837004392577295e-05,672,668
7,7.433385536355293e-15,3.543999815835974e-11,0.00035108100897059314,2.731270443471579e-05,2.7607058520240488e-05,0.006915694441728735,0.000921649566657252,3.4029382331925574e-06,2.373471928066029e-06,695,692
8,7.015848755364725e-15,3.543987325826947e-11,0.0011860386301132304,2.7322463381138555e-05,2.7566686799886185e-05,0.006507783450308016,0.0007812233314031909,7.015848755364725e-15,3.543987325826947e-11,695,695
