,GraphSHAPIQ_True_interaction,GraphSHAPIQ_True_moebius,Permutation,KernelSHAPIQ,incKernelSHAPIQ,SHAPIQ,SVARMIQ,GraphSHAPIQ_False_interaction,GraphSHAPIQ_False_moebius,budget_with_efficiency,budget_no_efficiency
1,0.0005005989993861085,0.001063551234779414,0.01573217308256999,0.025284820690448528,0.000987450121980654,0.11407068930643639,0.16326473216474593,0.00015359231148206608,0.00047835045901245543,27,15
2,0.000219606023590742,0.0004106982228044842,0.0002444560171643236,0.003541191393493052,0.0008485797164875034,0.9027174257906417,0.010441017089895364,0.00013204283642158883,0.0003113248581061434,97,85
3,0.0002700920131838497,0.0003963414347181171,0.0002634528708698061,0.00028626102073071294,0.00020399797961171063,0.27494775687378986,0.012725548035903745,0.00013670264454522995,0.00013162602031902004,278,267
4,3.2019440394781406e-05,0.00010122052195882247,0.00023278749889467254,9.747253598572918e-05,6.167510890690786e-05,0.11905983238385781,0.011990191177147695,7.517783343391084e-05,7.257912053137971e-05,553,544
5,1.1991305563804176e-05,4.577764772539794e-05,0.00013749895830301236,6.049812049333269e-06,6.143604940536048e-06,0.04941891987832611,0.005555917587054468,5.172662183704132e-05,3.986542550871164e-05,810,802
6,5.056869297930881e-06,2.369932867107849e-05,0.00010663269170121232,6.0138989090242974e-06,6.134419577758676e-06,0.036725440566781335,0.005635239124461019,3.113900665681022e-05,8.893954237532142e-06,954,950
7,3.090258844278251e-07,8.427842705938104e-06,0.00020340040576096369,6.012578465552149e-06,6.176019906745503e-06,0.03265075508102996,0.005337503303484222,1.2824926767614414e-05,3.002561520970559e-06,1006,1003
8,2.5413087348034758e-14,1.1898966256751464e-09,0.00022326692006901375,6.016268220162259e-06,6.1211754727902715e-06,0.03385867228610038,0.005416717085561484,1.1077307058197844e-06,5.77098363985229e-07,1015,1014
9,2.3890526672359875e-14,1.1898910745600233e-09,0.000191530326222146,6.014616294510044e-06,6.18393513097456e-06,0.04083834352565234,0.005115606945448382,2.3890526672359875e-14,1.1898910745600233e-09,1015,1015
