,GraphSHAPIQ_True_interaction,GraphSHAPIQ_True_moebius,Permutation,KernelSHAPIQ,incKernelSHAPIQ,SHAPIQ,SVARMIQ,GraphSHAPIQ_False_interaction,GraphSHAPIQ_False_moebius,budget_with_efficiency,budget_no_efficiency
1,0.18489399622353198,6.1337771887936485,0.017327908043228757,0.008635777124992564,0.004718115057790676,0.10372105872501905,0.26085830633430734,0.11369828208096847,6.1337771887936485,24,13
2,0.09116829110010292,6.320549380734154,0.001459218296244333,0.3133540784214613,0.02539549874278503,1.336626377947971,0.00963308624901478,0.11697505172762916,6.320549380734154,84,73
3,0.11106744287364559,0.024335553713137337,0.001244888896272288,0.00019776534142402848,0.00032037440083878724,0.4144620062169066,0.016995492600359555,0.08273973506538172,0.024335553713137337,250,239
4,0.031051813173493037,0.022231539998395,0.000668588004792786,4.6120776650434786e-05,4.686843209428522e-05,0.0826995351775536,0.004084166665871353,0.16718635971603982,0.022231539998395,526,516
5,0.2657383601372108,0.022231539998395,0.000396603134679767,4.615197117714619e-05,4.6987194360804566e-05,0.033644740736325625,0.00354479370738924,0.03754784457933275,0.022231539998395,813,805
6,0.05616343916510648,0.022231539998395,0.0005551201079667503,4.598295021986477e-05,4.6973317216290235e-05,0.03319503844420192,0.0031400865794672275,0.23604524370348612,0.022231539998395,998,995
7,0.12021701964768547,0.022231539998395,0.00021768253626270728,4.6076737661049794e-05,4.7196515359008886e-05,0.028363811095932175,0.002788883509933928,0.06067395795875236,0.022231539998395,1077,1074
8,0.10823346687422886,0.022231539998395,0.0006549854155099461,4.610276730808996e-05,4.690099245392762e-05,0.028243844764134395,0.0027898598247457964,0.12048106277770049,0.022231539998395,1095,1093
9,0.1082332170194491,0.022231539998395,0.0002040436655508138,4.6079513729191684e-05,4.7313034441207664e-05,0.019724847889558323,0.0031716318812123226,0.1082332170194491,0.022231539998395,1095,1095
