,GraphSHAPIQ_True_interaction,GraphSHAPIQ_True_moebius,Permutation,KernelSHAPIQ,incKernelSHAPIQ,SHAPIQ,SVARMIQ,GraphSHAPIQ_False_interaction,GraphSHAPIQ_False_moebius,budget_with_efficiency,budget_no_efficiency
1,0.0002919087283707581,0.001382852775706489,0.020389758114031393,0.0011467345462511482,6.048355665000826e-05,0.16394283027460066,0.26201701914452913,7.597061099554231e-05,0.0010022537317957436,24,13
2,0.0007112317108997024,0.0011815625687834341,0.00018709117977001055,0.0014924716676033617,0.0006505780846184679,2.9735468788328,0.014509478646975597,0.00016644305464341455,0.0008310530621775669,84,73
3,0.0004642053836919447,0.0010253949271159524,0.00015580401904307192,8.430313568350071e-05,6.580383779966823e-05,0.5281486966421569,0.01399474100817733,0.0004023467025651839,0.0004629953963060096,250,239
4,6.998879315995694e-05,0.00028931738222154335,0.0002857822539530205,1.2337648982174943e-05,1.1692508720114773e-05,0.06121010192560673,0.004639347763305117,0.00013872503670208722,0.00024582897727504216,526,516
5,0.0001543878412078616,0.00022201409184019472,0.00012852333295551485,1.2277855253204245e-05,1.1883112906905232e-05,0.038447548813892896,0.004464585029929527,0.00019588024854378684,0.0001375718531998471,813,805
6,6.383576023849287e-05,0.0001446904093040935,0.00019466298003573845,1.2281488831520943e-05,1.1784235934224287e-05,0.026928795000484815,0.004197354592800308,0.00021853658488031586,6.484301953202376e-05,998,995
7,5.096069934041119e-06,0.00010787656141297841,0.00015840342690338357,1.2246674562125292e-05,1.1754108175742027e-05,0.02944188879178094,0.003962657853724908,9.327045207376679e-05,2.1463700426438415e-05,1077,1074
8,5.533075971046243e-14,1.8160589698723584e-10,9.10630127978002e-05,1.2291236194649859e-05,1.1841756827183064e-05,0.02354779060929875,0.004196289137122897,7.658082216337213e-06,4.465271687792427e-06,1095,1093
9,1.5103278357108352e-13,1.8152990222120025e-10,9.554756507185495e-05,1.2316789078863814e-05,1.1796049392144422e-05,0.03269539245523171,0.004206384600445768,1.5103278357108352e-13,1.8152990222120025e-10,1095,1095
