,GraphSHAPIQ_True_interaction,GraphSHAPIQ_True_moebius,Permutation,KernelSHAPIQ,incKernelSHAPIQ,SHAPIQ,SVARMIQ,GraphSHAPIQ_False_interaction,GraphSHAPIQ_False_moebius,budget_with_efficiency,budget_no_efficiency
1,0.0009719701060731943,0.0016633630014055711,0.016230778503225678,0.6114025793264669,0.0023921511406608206,0.11413422706410889,0.10180092820439944,0.0001462250598755269,0.0007086018123159121,25,14
2,0.00038697088335937837,0.0008932717019458636,0.00030518546413803484,0.016766351648596786,0.0013464344556640404,0.5974605986496,0.010447688058195657,0.00015958560883025708,0.0004618935840163818,88,77
3,0.0002535490578811305,0.000505039264383278,0.00026597205904344305,0.00017527845392435287,0.00017376500459849686,0.15289322174956452,0.011230635795801193,0.0002038610619253142,0.0001987173487756344,249,238
4,4.792192135955451e-05,0.00017252388797794893,0.00024109376466341243,0.00010495834963863768,5.304594008067485e-05,0.07654894725960229,0.01159356755992333,7.74115526061284e-05,0.00010366510244175231,488,480
5,3.186212663982623e-05,8.086283183272869e-05,0.00014029573832314416,7.478711406997901e-06,7.3962561940924045e-06,0.03353437429293413,0.005100102347006571,6.175206618501224e-05,6.024237074719885e-05,711,703
6,1.3873520076348846e-05,3.361251480926697e-05,0.00013846256725199617,7.471555392205139e-06,7.43969111091549e-06,0.031387976132165124,0.005143534031518292,3.848637726802149e-05,1.927019413994202e-05,834,830
7,1.107065402875505e-06,1.5427792484867808e-05,0.00013963375341239986,7.45923115196021e-06,7.525157968520743e-06,0.021576659122579916,0.00484010923372292,1.5422408844996746e-05,4.8198168172142175e-06,878,876
8,3.540374120803622e-14,6.774936167630585e-10,9.117531891821498e-05,7.433950595236229e-06,7.4521847308145965e-06,0.02845209157704239,0.004796443197297221,7.424123959534548e-07,3.8649237921184465e-07,887,886
9,5.575660166673492e-14,6.774756311500596e-10,0.00019770850167794677,7.448650533173049e-06,7.483756527176827e-06,0.028159399593245343,0.004974107954141478,5.575660166673492e-14,6.774756311500596e-10,887,887
