,GraphSHAPIQ_True_interaction,GraphSHAPIQ_True_moebius,Permutation,KernelSHAPIQ,incKernelSHAPIQ,SHAPIQ,SVARMIQ,GraphSHAPIQ_False_interaction,GraphSHAPIQ_False_moebius,budget_with_efficiency,budget_no_efficiency
1,0.0003099788341911679,0.0010234089429132232,0.0002834296212197043,0.019873277015429888,3.062626084568562e-05,0.01226913054099923,0.008286921979339008,3.0036292957096212e-05,0.00036929951811398576,24,13
2,0.0004980145225591994,0.0011749119832230592,7.181391488053857e-05,0.0009235979812469334,0.0004531847846211313,0.045833590839860744,0.0002676358977044351,4.268088334870359e-05,0.0003131226339387616,80,69
3,0.00029206631862058457,0.00045749974095785073,5.368978851928822e-05,2.5250308277321643e-05,4.5498165499065174e-05,0.013933681621342904,0.0004100974009259013,8.347246711122438e-05,0.0002249514334053404,219,208
4,0.000708187067337362,0.0010469818114357543,7.193229830432477e-05,1.9291748270083667e-05,1.433709153906332e-05,0.005831980060065807,0.00038136538961831113,0.00042125694172189806,0.00015582654537704688,420,410
5,0.0001494960145176519,0.0004413196564218014,5.2338975385834193e-05,2.7358870138825623e-06,2.7304190146178194e-06,0.0014873386539157444,6.619761996925833e-05,0.000581789068995055,7.265764695793542e-05,594,586
6,2.20250348887142e-06,5.612836768814633e-05,3.617380566739074e-05,2.736251197030695e-06,2.7254609954680374e-06,0.0015638615794052514,4.908494211724293e-05,3.1507757100270004e-05,1.8357991180856237e-05,680,675
7,1.0246822660014075e-15,6.902867166758142e-12,2.9547786426339103e-05,2.734702825820022e-06,2.7284576849139083e-06,0.001001911505962569,5.224145079049897e-05,1.0271386524325325e-05,4.332903200315874e-06,703,700
8,1.2403197663891427e-15,6.902367566397061e-12,4.2449198595491695e-05,2.7273868292546337e-06,2.718776718593524e-06,0.0014235549902525556,5.3637726169540564e-05,1.2403197663891427e-15,6.902367566397061e-12,703,703
