,GraphSHAPIQ_True_interaction,GraphSHAPIQ_True_moebius,Permutation,KernelSHAPIQ,incKernelSHAPIQ,SHAPIQ,SVARMIQ,GraphSHAPIQ_False_interaction,GraphSHAPIQ_False_moebius,budget_with_efficiency,budget_no_efficiency
1,5.822729497667379e-05,0.0006371987442035376,0.00012413528201118574,0.00133915950149173,2.6510806872667796e-05,0.0028857973767333726,0.0029506888911226656,2.5212902871605227e-05,0.0005555058323345741,24,13
2,7.336890448406557e-05,0.000608245443625921,5.999363282710102e-05,0.0011188546385915734,0.0005641647889805591,0.017005737305442085,9.918004406538106e-05,3.8298447463378286e-05,0.0005164858201872347,84,73
3,0.0002428963938232614,0.000514874920549302,4.08868529016235e-05,2.2509563274845126e-05,2.7270217520441117e-05,0.0024615061366731836,0.00016126731691247804,6.276438999353527e-05,0.00044762219800562053,250,239
4,0.0010916226915150228,0.0010407794968598783,3.411524780435876e-05,1.6932865841029109e-06,1.766280950344309e-06,0.0007924878371064406,3.6599893813161905e-05,0.00047124137657901153,0.00038628975960633416,526,516
5,0.000984623058746996,0.0013045576182319774,4.038844118425449e-05,1.6890633075213465e-06,1.7492485424978902e-06,0.000519972909446129,3.014754792456211e-05,0.0015218412441655737,0.00026791129395653535,813,805
6,0.00015868989411852723,0.0006406116135256046,3.071103452688341e-05,1.6944887471401117e-06,1.7479389124012244e-06,0.00042644163065692854,2.4511640659071963e-05,0.0009373214812118815,0.0001251292045436614,998,995
7,3.8040663535520816e-06,0.00011260241318114539,2.686551374453743e-05,1.69425373607588e-06,1.7392446675779701e-06,0.00019664805490119685,2.851999373564551e-05,0.00010175898060980368,3.246452019906032e-05,1077,1074
8,6.408186410205184e-16,9.557826752271126e-12,1.5453217980958617e-05,1.6884981928024835e-06,1.7461648268363603e-06,0.0003085052640119621,2.755557986039087e-05,3.227202773554445e-06,4.127140327381262e-06,1095,1093
9,6.100975145808153e-16,9.557771241119895e-12,2.972735401202236e-05,1.6943156988360272e-06,1.7598579426235348e-06,0.00022183609692766738,3.290997819827449e-05,6.100975145808153e-16,9.557771241119895e-12,1095,1095
