,GraphSHAPIQ_True_interaction,GraphSHAPIQ_True_moebius,Permutation,KernelSHAPIQ,incKernelSHAPIQ,SHAPIQ,SVARMIQ,GraphSHAPIQ_False_interaction,GraphSHAPIQ_False_moebius,budget_with_efficiency,budget_no_efficiency
1,0.014975462932296206,0.028849590387279883,0.005973205103530275,0.018146029832283278,0.002326658156311557,0.04829835395421856,0.06316502181431999,0.001311531271067568,0.007277682522339372,22,12
2,0.01379055577728089,0.024387345474617468,0.0031602872286533496,0.045797121587123346,0.014790783306821455,0.22770589391596283,0.003809489961588395,0.0016231595850233376,0.0035436590759262724,68,58
3,0.004640106121932643,0.004654168172650997,0.0013941348861203386,0.0006014842237606912,0.0005440340700469572,0.11072466964389859,0.004721497190364628,0.003067021452006303,0.0016338560182627448,168,159
4,0.002051493879076875,0.004735453979726294,0.0014892471934583175,0.0004687425283545847,0.0003721723946711342,0.05458465681209713,0.0031469172623641703,0.00227521363464022,0.0008562343178681811,295,287
5,0.00040617111832542393,0.002710576851218735,0.0008041067049698958,6.473827489813137e-05,6.19935494262662e-05,0.028208942453381212,0.0017090955794910611,0.0013369518375045894,0.0003136548917819852,389,382
6,1.0586212180240275e-05,0.00016091994497690847,0.0015279373822763241,6.505543491656666e-05,6.264945748927634e-05,0.0182130018213542,0.0010077181578960913,0.00012666721811278162,4.898097151935595e-05,423,421
7,5.094436978909006e-14,5.633440205478086e-11,0.0006672264313372893,6.47100613638793e-05,6.199910984658909e-05,0.02275643725491039,0.0011605734027401405,1.703784563021044e-08,1.010857282218215e-08,431,430
8,3.8807072350006493e-14,5.631478871550785e-11,0.0006711210553475963,6.46364620137708e-05,6.26792677085444e-05,0.019680450184888666,0.001162892742792644,3.8807072350006493e-14,5.631478871550785e-11,431,431
