,GraphSHAPIQ_True_interaction,GraphSHAPIQ_True_moebius,Permutation,KernelSHAPIQ,incKernelSHAPIQ,SHAPIQ,SVARMIQ,GraphSHAPIQ_False_interaction,GraphSHAPIQ_False_moebius,budget_with_efficiency,budget_no_efficiency
1,0.00012621858414451476,0.0013374220286064276,0.021189888904763185,0.003909093994535193,6.236718800212063e-05,0.4560551122879211,0.2532648118283686,7.899355413389886e-05,0.001062328114530775,24,13
2,0.0034809144635524567,0.008977946635555734,0.00020867413214441867,0.14757409538581168,0.002791086510709691,1.4919411720790043,0.013386451673649057,0.00014825913449523247,0.0009774900860577418,80,69
3,0.0010387008814583632,0.003274445117111391,0.00018440653393441927,9.872639881509215e-05,0.00016163052843341005,0.3110976953198357,0.016783075954647238,0.0003324297926631413,0.0005679013317509973,219,208
4,0.00027082322996585637,0.0006837674026567431,0.00016174435280680004,7.338957450578279e-05,5.069524530923382e-05,0.1469836807291605,0.017813055909733786,0.0001979301874905247,0.00022331937352726428,420,410
5,8.959357973678369e-05,0.000261741764323975,0.00015863692809641364,1.9532489689218132e-05,1.922623474667159e-05,0.0666345271782523,0.0052335851545931705,0.00014449730357871395,8.055723360328448e-05,594,586
6,3.147692121679107e-06,0.0001491170183265389,0.00010576058411326347,1.9431453119629072e-05,1.9141369881626126e-05,0.0515443116566636,0.0054005361051849225,4.791530103564883e-05,2.8586581000578093e-05,680,675
7,2.4573723763761086e-13,2.3377283442371777e-10,0.00011917883584305002,1.958877043274332e-05,1.9315338477572807e-05,0.044268170059454624,0.005017971386054716,8.011961265496574e-06,8.119348482049649e-06,703,700
8,3.5184275194538367e-13,2.33493002710361e-10,0.00011706038339266594,1.953567867037204e-05,1.9346164914017474e-05,0.0402101832180217,0.004943774498216501,3.5184275194538367e-13,2.33493002710361e-10,703,703
