,GraphSHAPIQ_True_interaction,GraphSHAPIQ_True_moebius,Permutation,KernelSHAPIQ,incKernelSHAPIQ,SHAPIQ,SVARMIQ,GraphSHAPIQ_False_interaction,GraphSHAPIQ_False_moebius,budget_with_efficiency,budget_no_efficiency
1,7.799286541162665e-05,0.0005692139573882926,0.0002457633562380824,4.390678840845619e-05,2.549153101111187e-05,0.0033044529496651554,0.00894590929185686,2.9956658404541457e-05,0.0004222145024434659,27,15
2,0.00016646783348180552,0.0005218150920611037,4.844914929659983e-05,0.004894760795406686,0.00021422150595640707,0.09053654495246788,0.0001728612379822345,5.638766308904224e-05,0.00038330434870585683,97,85
3,0.00041955421195336636,0.00046843846998922967,6.346731973092273e-05,4.973689581488772e-05,2.834761288180277e-05,0.01370254735672467,0.000319457745259979,9.093254569264252e-05,0.0002830309026499167,278,267
4,0.0003445433504436531,0.0005121688856183498,3.877559525933497e-05,2.1416931843803156e-05,1.9990539661327026e-05,0.007121613522877277,0.0003748226789175857,0.0002962627698333428,0.00021291136872407523,553,544
5,7.540404328494362e-05,0.00031491491893703705,3.879225014304812e-05,4.666216649489473e-06,4.405250906015749e-06,0.0023453468731357173,3.350640420897871e-05,0.00024622145606961006,0.00013419140837510335,810,802
6,2.8351103715609584e-05,0.00015357329251128315,4.0083924732971995e-05,4.66566874713063e-06,4.390919151079668e-06,0.0020834534254238015,4.3864837342810844e-05,6.16138622429227e-05,6.0296140358392925e-05,954,950
7,3.118406075997652e-06,6.869753264104883e-05,4.8144662526084e-05,4.658439061141163e-06,4.394370552539122e-06,0.002296804680091489,3.3459388982258e-05,5.3645650765956604e-05,1.4547102141451718e-05,1006,1003
8,1.4590390802789468e-15,5.8063082120085596e-11,5.482732401554316e-05,4.660370493865471e-06,4.398854619583066e-06,0.0020743051212358367,4.2615787910987855e-05,4.25660313601349e-06,2.2128834296919475e-06,1015,1014
9,9.460145152410388e-16,5.80627351753904e-11,4.10492464531152e-05,4.660163571292722e-06,4.391518095668016e-06,0.0021205157179501424,4.0928531210878066e-05,9.460145152410388e-16,5.80627351753904e-11,1015,1015
