,GraphSHAPIQ_True_interaction,GraphSHAPIQ_True_moebius,Permutation,KernelSHAPIQ,incKernelSHAPIQ,SHAPIQ,SVARMIQ,GraphSHAPIQ_False_interaction,GraphSHAPIQ_False_moebius,budget_with_efficiency,budget_no_efficiency
1,0.00862546067297929,0.01781413055836947,0.0016389202226579486,394.90383889288074,0.00030060466045718265,0.011885254370839057,0.008341292467286127,0.00030584587485858267,0.0014783323682615718,24,13
2,0.0005582964146146093,0.002005020857835718,0.000590414514633247,0.0020024607559938627,0.0037007951476245543,0.03497737529127616,0.000882583061614716,0.00017307635233908245,0.0007503077059072779,80,69
3,0.0002595772447684335,0.0009676779792528159,0.0006730356437879578,9.965294669419897e-05,8.682824627890196e-05,0.018434722844545514,0.0008751796091213672,0.0001760182253894594,0.0004440275316240649,219,208
4,0.00030374741112962437,0.0011591298819397695,0.00034377676896616376,7.370917762526527e-05,4.5527348587757095e-05,0.00600214083330777,0.0008013184135331432,0.00020309813971287714,0.00026544580304776826,420,410
5,0.0001254579476386747,0.00024403727205330798,9.926904058368885e-05,1.3306131197335843e-05,1.2134743934159732e-05,0.003272475682960857,0.00039735464996067045,0.00027001228885101996,0.00015729607461188478,594,586
6,1.923405962585535e-05,0.00021509582998339516,0.00014075341379134578,1.3317078778846098e-05,1.2210659050321e-05,0.0021256032539845138,0.0003295866507566807,0.00017816406125346475,5.635632312794244e-05,680,675
7,1.2233400413555644e-14,3.35901346207269e-11,8.544741348179962e-05,1.3230304846338492e-05,1.2164392326433557e-05,0.0022065327452820476,0.000354589211211089,3.7607463702329824e-05,1.0650836031893577e-05,703,700
8,7.81180055874583e-15,3.3586999094491546e-11,0.0001580129447738982,1.3242735198016323e-05,1.2292031903902057e-05,0.0022241471780337333,0.00036007994358381706,7.81180055874583e-15,3.3586999094491546e-11,703,703
