,GraphSHAPIQ_True_interaction,GraphSHAPIQ_True_moebius,Permutation,KernelSHAPIQ,incKernelSHAPIQ,SHAPIQ,SVARMIQ,GraphSHAPIQ_False_interaction,GraphSHAPIQ_False_moebius,budget_with_efficiency,budget_no_efficiency
1,0.0018046825384764808,0.002998133193784629,0.0017199221208570082,0.058476713261463684,0.0003013846717161457,0.005307248653887679,0.010236874563032558,0.0003240964678376503,0.0012795296553985598,24,13
2,0.000219801870235097,0.001279522330141773,0.0008657067761279941,0.003942616505438969,0.020218151684009117,0.08317187834170267,0.0008627501697446028,0.00013143659572057085,0.0006236102322634024,80,69
3,0.00013574749951820704,0.0004243108814693511,0.00031703321760869017,0.00010455680093867991,8.909193387557036e-05,0.01861947177241054,0.0013061878630431234,0.00013208668809363416,0.00036348656809545555,219,208
4,0.00019888060121055955,0.0008369206869934346,0.0002217522682462574,5.490606849129406e-05,2.8851537606490303e-05,0.008441668164463732,0.0008961838826184729,0.00012674959209129266,0.000210239870015376,419,409
5,0.00014018959958293672,0.0004745626444219319,0.00017236502015441599,8.99564396671134e-06,8.981670176007612e-06,0.003476408460259778,0.0004191673350804494,0.00033418836154446035,0.00013388144405889862,591,582
6,1.3875608134819612e-05,0.0003708757405219125,0.00023173872533501362,9.033890754283129e-06,8.919217894214347e-06,0.003129553712475658,0.00040138357541941546,0.0002484886662781177,6.055284856581538e-05,672,668
7,1.1784010738038509e-14,2.7210598195232666e-11,0.000225674302408861,9.099198721365434e-06,8.890024085260661e-06,0.002519591810586637,0.0003667842046007042,2.3412951303183135e-05,1.3209668400301742e-05,695,692
8,7.269198084049008e-15,2.7203533479666642e-11,9.27856808788135e-05,8.953067431418522e-06,9.062198771462015e-06,0.003934035232288425,0.0004076989450424923,7.269198084049008e-15,2.7203533479666642e-11,695,695
