,GraphSHAPIQ_True_interaction,GraphSHAPIQ_True_moebius,Permutation,KernelSHAPIQ,incKernelSHAPIQ,SHAPIQ,SVARMIQ,GraphSHAPIQ_False_interaction,GraphSHAPIQ_False_moebius,budget_with_efficiency,budget_no_efficiency
1,0.001461550149799432,0.0032754524971162903,0.0024320503264832977,0.45240236351279883,0.0004051164818850642,0.013176688852761432,0.03303414896934401,0.0002499532710544985,0.0017373558208246488,25,14
2,0.00031068287611758284,0.0022214164447134617,0.0006948875700481954,0.0035771744743444103,0.002714577652518698,0.17900545067440193,0.0013664395316285648,0.00020354325338949795,0.0010206576151954286,88,77
3,0.00011924941063056981,0.0006986959124316973,0.0004760468265039708,0.00021489790339303212,0.00018619446346315825,0.060875507188962494,0.001855267665949523,0.00018802608330738082,0.0006112402513628167,249,238
4,0.000264770326461266,0.0009694782959479302,0.00034070884868341397,8.9453149545157e-05,6.886947618092463e-05,0.0238805555355616,0.0020582291454876315,0.00014295295962683281,0.0003719962765193102,488,480
5,0.0003581066518485354,0.0006739197587143586,0.00029798730711845333,1.6528387773495316e-05,1.6544228578274997e-05,0.007523442380028632,0.000535010034417454,0.0005108891385155338,0.00024088415121278933,711,703
6,8.780254944533259e-05,0.00047059845004659046,0.00019618561980114978,1.6601005169946122e-05,1.6408390989539376e-05,0.010750681664021544,0.0005284142645741542,0.0004890373234637055,0.00011051734143039754,834,830
7,3.984483500431215e-06,4.5228042493491874e-05,0.00020635248897515548,1.6531427146283433e-05,1.647203463126383e-05,0.0076340391967261645,0.0005502903592019162,7.383664808700422e-05,2.529594306464281e-05,878,876
8,7.0370004548457324e-15,1.0106263661222373e-10,0.00021710707548607778,1.6626377202583214e-05,1.641216529930896e-05,0.007467339015155534,0.0006408213546884979,1.124312894707901e-06,5.845835634932435e-07,887,886
9,6.9753698988634435e-15,1.0106261704237451e-10,0.0002197327520149306,1.651562225080624e-05,1.6447395911153803e-05,0.0063476526157131416,0.0006070516434850879,6.9753698988634435e-15,1.0106261704237451e-10,887,887
